{
    "carriercapture_version": "CarrierCapture.jl (local)",
    "julia_version": "1.11.4",
    "parameters": {
        "W": 0.068,
        "nev_final": 60,
        "temperature": 300.0,
        "sigma": 0.025,
        "cutoff": 0.25,
        "Q0_crossing": 5.0,
        "hw": 0.008,
        "dE": 0.5,
        "Q_range": [
            -20.0,
            20.0
        ],
        "volume": 1.0e-21,
        "nev_initial": 180,
        "dQ": 10.5,
        "npoints": 5000
    },
    "eigenvalues_initial": [
        0.5040007695267065,
        0.5120022473125115,
        0.5200036025616923,
        0.5280048352714487,
        0.5360059454389562,
        0.5440069330614064,
        0.5520077981359847,
        0.5600085406598637,
        0.5680091606302592,
        0.5760096580443088,
        0.5840100328992341,
        0.5920102851922039,
        0.6000104149203866,
        0.6080104220809909,
        0.6160103066711661,
        0.6240100686881525,
        0.6320097081290605,
        0.6400092249911101,
        0.648008619271511,
        0.656007890967392
    ],
    "eigenvalues_final": [
        0.0040007695266950135,
        0.012002247312489842,
        0.02000360256167283,
        0.028004835271440355,
        0.03600594543894992,
        0.04400693306139664,
        0.052007798135979555,
        0.06000854065986138,
        0.06800916063025143,
        0.07600965804430596,
        0.08401003289922225,
        0.09201028519219359,
        0.1000104149203738,
        0.10801042208097489,
        0.11601030667116835,
        0.12401006868813529,
        0.13200970812905857,
        0.14000922499112053,
        0.1480086192715005,
        0.15600789096737255
    ],
    "capture_coefficient_300K": 1.3594286710546843e-10
}
